GROUP,PACKAGE,CLASS,INSTRUCTION_MISSED,INSTRUCTION_COVERED,BRANCH_MISSED,BRANCH_COVERED,LINE_MISSED,LINE_COVERED,COMPLEXITY_MISSED,COMPLEXITY_COVERED,METHOD_MISSED,METHOD_COVERED
persistence_g2_7,edu.uga.miage.m1.polygons.gui,JDrawingFrame,334,0,8,0,75,0,16,0,11,0
persistence_g2_7,edu.uga.miage.m1.polygons.gui,JDrawingFrame.XMLActionListener,132,0,2,0,38,0,5,0,4,0
persistence_g2_7,edu.uga.miage.m1.polygons.gui,JDrawingFrame.DrawingPanel,65,0,2,0,13,0,3,0,2,0
persistence_g2_7,edu.uga.miage.m1.polygons.gui,JDrawingFrame.new AbstractAction() {...},29,0,2,0,7,0,3,0,2,0
persistence_g2_7,edu.uga.miage.m1.polygons.gui,GUIHelper.new WindowAdapter() {...},6,0,0,0,3,0,2,0,2,0
persistence_g2_7,edu.uga.miage.m1.polygons.gui,JDrawingFrame.JsonActionListener,70,0,2,0,19,0,4,0,3,0
persistence_g2_7,edu.uga.miage.m1.polygons.gui,App,6,0,0,0,3,0,2,0,2,0
persistence_g2_7,edu.uga.miage.m1.polygons.gui,JDrawingFrame.Shapes,21,0,0,0,2,0,1,0,1,0
persistence_g2_7,edu.uga.miage.m1.polygons.gui,DrawTool,0,50,1,3,0,15,1,7,0,6
persistence_g2_7,edu.uga.miage.m1.polygons.gui,JDrawingFrame.ShapeActionListener,47,0,4,0,12,0,4,0,2,0
persistence_g2_7,edu.uga.miage.m1.polygons.gui,GUIHelper,18,0,0,0,6,0,1,0,1,0
persistence_g2_7,edu.uga.miage.m1.polygons.gui.persistence,JSonVisitor,0,62,0,0,0,18,0,6,0,6
persistence_g2_7,edu.uga.miage.m1.polygons.gui.persistence,XMLVisitor,17,153,0,0,6,33,1,8,1,8
persistence_g2_7,edu.uga.miage.m1.polygons.gui.commands,DrawShapeCommand,0,15,0,0,0,6,0,2,0,2
persistence_g2_7,edu.uga.miage.m1.polygons.gui.shapes,Triangle,4,145,0,2,2,22,1,5,1,4
persistence_g2_7,edu.uga.miage.m1.polygons.gui.shapes,Square,4,84,0,0,2,15,1,4,1,4
persistence_g2_7,edu.uga.miage.m1.polygons.gui.shapes,Circle,4,84,0,0,2,15,1,4,1,4
